DELITOS COMETIDOS EN JUJUY - MUESTRA;;;;;;;;;;;
;;;;;;;;;;;
;dependencia;delito;;;victima;;inculpado;;delito;;
;ordinal;nominal;ordinal;ordinal;nominal;discreta;nominal;discreta;nominal;nominal;nominal
cod_lugar;comisaria;delito;fecha;hora;sexo_victima;edad_victima;sexo_inculpado;edad_inculpado;localidad;modus_operandis;detalle_de_lugar
1;45;HURTO;3/7/2018;19:00;FEMENINO;31;FEMENINO;;SAN SALVADOR DE JUJUY ;AGRESION CON ARMA BLANCA;Comercio
1;49;ROBO;28/6/2018;13:50;FEMENINO;33;FEMENINO;;SAN SALVADOR DE JUJUY ;AGRESION FISICA;Via Publica
1;9;ROBO;4/7/2018;21:45;FEMENINO;22;MASCULINO;;SAN SALVADOR DE JUJUY ;AGRESION FISICA;Via Publica
1;47;HURTO;18/8/2018;22:00;MASCULINO;83;FEMENINO;;SAN SALVADOR DE JUJUY;AGRESION CON SUSTANCIAS;Domicilio Particular
1;37;HURTO;18/7/2018;21:40;MASCULINO;36;FEMENINO;;SAN SALVADOR DE JUJUY ;SUSTRACCION DE BIENES RODADOS;Domicilio Particular
1;35;ROBO;23/7/2018;05:30;FEMENINO;54;MASCULINO;;SAN SALVADOR DE JUJUY ;AGRESION FISICA;Via Publica
1;6;ROBO;27/7/2018;09:40;FEMENINO;26;MASCULINO;;;AGRESION FISICA;Via Publica
1;14;ROBO;11/7/2018;19:20;MASCULINO;43;MASCULINO;;SAN SALVADOR DE JUJUY ;SUSTRACCION DE BIENES RODADOS;Via Publica
1;9;ROBO;24/7/2018;22:30;MASCULINO;38;MASCULINO;;SAN SALVADOR DE JUJUY ;SUSTRACCION DE BIENES RODADOS;Via Publica
1;20;HURTO;28/6/2018;00:00;FEMENINO;53;;;SAN SALVADOR DE JUJUY ;SUSTRACCION DE BIENES RODADOS;Via Publica
1;43;ROBO;30/7/2018;19:00;FEMENINO;39;;;SAN SALVADOR DE JUJUY;AGRESION FISICA;Via Publica
1;6;HURTO;9/7/2018;19:15;FEMENINO;33;;;SAN SALVADOR DE JUJUY ;SUSTRACCION DE BIENES RODADOS;Via Publica
1;47;ROBO;10/7/2018;17:00;FEMENINO;33;;;SAN SALVADOR DE JUJUY ;SUSTRACCION DE BIENES RODADOS;Via Publica
1;25;ROBO;10/7/2018;16:00;FEMENINO;27;;;SAN SALVADOR DE JUJUY ;SUSTRACCION DE BIENES RODADOS;Via Publica
1;21;ROBO;10/7/2018;19:45;FEMENINO;30;;;SAN SALVADOR DE JUJUY ;AGRESION FISICA;Via Publica
1;38;ROBO;13/7/2018;16:40;FEMENINO;30;;;SAN SALVADOR DE JUJUY ;SUSTRACCION DE BIENES RODADOS;Via Publica
1;18;ROBO;14/7/2018;02:10;FEMENINO;34;;;SAN SALVADOR DE JUJUY ;AGRESION FISICA;Domicilio Particular
1;46;HURTO;19/7/2018;04:00;FEMENINO;27;;;SAN SALVADOR DE JUJUY;AGRESION FISICA;Domicilio Particular
1;3;HURTO;19/6/2018;18:50;FEMENINO;29;;;SAN SALVADOR DE JUJUY ;SUSTRACCION DE BIENES RODADOS;Via Publica
1;22;ROBO;2/8/2018;07:30;FEMENINO;28;;;SAN SALVADOR DE JUJUY ;AGRESION CON SUSTANCIAS;Comercio
1;18;ROBO;10/8/2018;13:30;FEMENINO;18;;;SAN SALVADOR DE JUJUY ;Agresión Física;Via Publica
1;53;ROBO;14/8/2018;15:30;FEMENINO;38;;;SAN SALVADOR DE JUJUY ;Agresión Física;Via Publica
1;1;HURTO;20/8/2018;20:55;FEMENINO;40;;;SAN SALVADOR DE JUJUY ;Sustracción Bienes Rodados;Via Publica
1;64;ROBO;29/6/2018;20:45;MASCULINO;34;;;SAN SALVADOR DE JUJUY ;SUSTRACCION DE BIENES RODADOS;Domicilio Particular
1;39;HURTO;30/6/2018;19:00;MASCULINO;37;;;SAN SALVADOR DE JUJUY ;SUSTRACCION DE BIENES RODADOS;Via Publica
1;19;HURTO;4/7/2018;05:15;MASCULINO;24;;;SAN SALVADOR DE JUJUY ;SUSTRACCION DE BIENES RODADOS;Via Publica
1;20;ROBOS;5/7/2018;01:00;MASCULINO;23;;;SAN SALVADOR DE JUJUY ;SUSTRACCION DE BIENES RODADOS;Via Publica
1;51;ROBO;5/7/2018;00:00;MASCULINO;25;;;SAN SALVADOR DE JUJUY ;AGRESION CON ARMA DE FUEGO;Via Publica
1;60;ROBOS;7/7/2018;08:15;MASCULINO;41;;;SAN SALVADOR DE JUJUY ;AGRESION FISICA;Via Publica
1;5;HURTO;10/7/2018;00:30;MASCULINO;47;;;SAN SALVADOR DE JUJUY ;SUSTRACCION DE BIENES RODADOS;Domicilio Particular
1;27;ROBO;9/7/2018;02:00;MASCULINO;24;;;SAN SALVADOR DE JUJUY ;SUSTRACCION DE BIENES RODADOS;Via Publica
1;47;hurto;4/7/2018;22:30;MASCULINO;69;;;SAN SALVADOR DE JUJUY ;SUSTRACCION DE BIENES RODADOS;Via Publica
1;37;ROBO;9/7/2018;02:00;MASCULINO;24;;;SAN SALVADOR DE JUJUY ;SUSTRACCION DE BIENES RODADOS;Domicilio Particular
1;47;HURTO;13/7/2018;17:00;MASCULINO;35;;;SAN SALVADOR DE JUJUY ;SUSTRACCION DE BIENES RODADOS;Via Publica
1;64;ROBOS;13/7/2018;23:30;MASCULINO;33;;;SAN SALVADOR DE JUJUY ;SUSTRACCION DE BIENES RODADOS;Via Publica
1;3;ROBO;13/7/2018;14:15;MASCULINO;26;;;;AGRESION FISICA;Via Publica
1;53;HURTO;14/7/2018;01:30;MASCULINO;35;;;SAN SALVADOR DE JUJUY ;SUSTRACCION DE BIENES RODADOS;Via Publica
1;51;ROBO;14/7/2018;12:02;MASCULINO;44;;;SAN SALVADOR DE JUJUY ;AGRESION CON ARMA BLANCA;Via Publica
1;23;HURTO;15/7/2018;23:45;MASCULINO;22;;;SAN SALVADOR DE JUJUY ;SUSTRACCION DE BIENES RODADOS;Via Publica
1;32;ROBOS;14/7/2018;20:00;MASCULINO;42;;;;AGRESION CON ARMA BLANCA;Via Publica
1;63;hurto;26/7/2018;00:00;MASCULINO;22;;;SAN SALVADOR DE JUJUY ;SUSTRACCION DE BIENES RODADOS;Via Publica
1;35;ROBO;29/7/2018;06:30;MASCULINO;35;;;SAN SALVADOR DE JUJUY ;AGRESION FISICA;Via Publica
1;5;ROBO;6/8/2018;21:45;MASCULINO;29;;;SAN SALVADOR DE JUJUY ;Sustracción Bienes Rodados;Via Publica
1;13;ROBO;7/8/2018;00:00;MASCULINO;31;;;SAN SALVADOR DE JUJUY ;Sustracción Bienes Rodados;Via Publica
1;38;HURTO;7/8/2018;22:15;MASCULINO;28;;;SAN SALVADOR DE JUJUY ;Sustracción Bienes Rodados;Via Publica
1;55;HURTO;10/8/2018;11:30;MASCULINO;48;;;SAN SALVADOR DE JUJUY ;Sustracción Bienes Rodados;Via Publica
1;4;HURTO;10/8/2018;02:30;MASCULINO;35;;;;Sustracción Bienes Rodados;Comercio
1;40;HURTO;13/8/2018;11:00;MASCULINO;49;;;;Sustracción Bienes Rodados;Institución Privada
1;9;ABUSO DE AUTORIDAD;17/8/2018;17:30;MASCULINO;54;;;SAN SALVADOR DE JUJUY ;Agresión Física;Via Publica
1;14;HURTO;18/8/2018;15:00;MASCULINO;48;;;SAN SALVADOR DE JUJUY;Sustracción Bienes Rodados;Via Publica
1;9;ROBO;17/8/2018;22:00;MASCULINO;31;;;SAN SALVADOR DE JUJUY ;Sustracción Bienes Rodados;Via Publica
1;37;HURTO;21/8/2018;22:00;MASCULINO;52;;;SAN SALVADOR DE JUJUY ;Sustracción Bienes Rodados;Via Publica
1;13;ROBO;23/8/2018;19:00;MASCULINO;28;;;SAN SALVADOR DE JUJUY ;Sustracción Bienes Rodados;Via Publica
1;41;COMPLEMETARIAS;22/8/2018;02:00;MASCULINO;40;;;SAN SALVADOR DE JUJUY ;AGRESION CON ARMA BLANCA;Domicilio Particular
1;58;HURTO;25/8/2018;04:00;MASCULINO;48;;;SAN SALVADOR DE JUJUY ;Sustracción Bienes Rodados;Domicilio Particular
1;60;SECUESTRO;30/8/2018;16:15;MASCULINO;34;;;SAN SALVADOR DE JUJUY ;Agresión Física;Via Publica
1;31;ROBO;4/7/2018;08:00;FEMENINO;23;;;SAN SALVADOR DE JUJUY ;SUSTRACCION DE BIENES RODADOS;Domicilio Particular
1;51;ROBO;27/7/2018;22:30;MASCULINO;42;;;SAN SALVADOR DE JUJUY ;SUSTRACCION DE BIENES RODADOS;Via Publica
1;44;ABANDONO DE PERSONAS;20/7/2018;20:30;FEMENINO;53;;;SAN SALVADOR DE JUJUY ;Agresión Física;Domicilio Particular
1;28;ROBO;29/7/2018;15:30;FEMENINO;56;;;SAN SALVADOR DE JUJUY ;SUSTRACCION DE BIENES RODADOS;Via Publica
1;25;DAÑO;29/7/2018;12:30;FEMENINO;33;;;SAN SALVADOR DE JUJUY ;Agresión Física;Domicilio Particular
1;15;ROBO;28/7/2018;00:00;MASCULINO;34;;;;SUSTRACCION DE BIENES RODADOS;Via Publica
1;29;ROBO;31/7/2018;06:30;FEMENINO;48;;;SAN SALVADOR DE JUJUY ;SUSTRACCION DE BIENES RODADOS;Via Publica
2;51;HURTO;15/7/2018;00:00;MASCULINO;33;MASCULINO;21;SAN SALVADOR DE JUJUY ;Sustracción Bienes Rodados;Via Publica
2;3;hurto;1/7/2018;01:30;MASCULINO;27;MASCULINO;;SAN PEDRO DE JUJUY;SUSTRACCION DE BIENES RODADOS;Sin Determinar
2;43;HURTO;4/8/2018;21:30;MASCULINO;22;MASCULINO;;SAN PEDRO DE JUJUY;Sustracción Bienes Rodados;Via Publica
2;2;HURTO;28/6/2018;20:30;FEMENINO;34;;;;SUSTRACCION DE BIENES RODADOS;Via Publica
2;59;HURTO;28/6/2018;16:00;FEMENINO;41;;;;SUSTRACCION DE BIENES RODADOS;Via Publica
2;35;HURTO;30/6/2018;20:00;FEMENINO;53;;;SAN PEDRO DE JUJUY;SUSTRACCION DE BIENES RODADOS;Via Publica
2;53;HURTO;3/7/2018;00:30;FEMENINO;38;;;SAN PEDRO DE JUJUY;SUSTRACCION DE BIENES RODADOS;Via Publica
2;52;HURTO;4/7/2018;23:40;FEMENINO;42;;;SAN PEDRO DE JUJUY;SUSTRACCION DE BIENES RODADOS;Via Publica
2;45;HURTO;8/7/2018;21:30;FEMENINO;37;;;SAN PEDRO DE JUJUY;SUSTRACCION DE BIENES RODADOS;Via Publica
2;38;ROBO;10/7/2018;23:10;FEMENINO;20;;;SAN PEDRO DE JUJUY;SUSTRACCION DE BIENES RODADOS;Via Publica
2;24;HURTO;16/7/2018;17:00;FEMENINO;27;;;SAN PEDRO DE JUJUY;SUSTRACCION DE BIENES RODADOS;Via Publica
2;55;HURTO;17/7/2018;19:00;FEMENINO;30;;;SAN PEDRO DE JUJUY;SUSTRACCION DE BIENES RODADOS;Via Publica
2;29;HURTO;18/7/2018;04:00;FEMENINO;22;;;;SUSTRACCION DE BIENES RODADOS;Via Publica
2;12;HURTO;17/7/2018;21:45;FEMENINO;30;;;SAN PEDRO DE JUJUY;AGRESION CON SUSTANCIA;Via Publica
2;44;HURTO;19/7/2018;15:15;FEMENINO;24;;;SAN PEDRO DE JUJUY;SUSTRACCION DE BIENES RODADOS;Via Publica
2;55;HURTO;20/7/2018;22:00;FEMENINO;32;;;SAN PEDRO DE JUJUY;SUSTRACCION DE BIENES RODADOS;Via Publica
2;27;HURTO;5/8/2018;05:30;FEMENINO;31;;;SAN PEDRO DE JUJUY;Sustracción Bienes Rodados;Via Publica
2;34;HURTO;10/8/2018;15:00;FEMENINO;38;;;SAN PEDRO DE JUJUY;Sustracción Bienes Rodados;Via Publica
2;36;HURTO;1/6/2018;00:00;FEMENINO;61;;;;Sustracción Bienes Rodados;Sin Determinar
2;8;HURTO;18/8/2018;14:35;FEMENINO;24;;;SAN PEDRO DE JUJUY;Sustracción Bienes Rodados;Via Publica
2;59;HURTO;30/6/2018;15:00;MASCULINO;39;;;SAN PEDRO DE JUJUY;SUSTRACCION DE BIENES RODADOS;Via Publica
2;63;HURTO;27/6/2018;21:00;MASCULINO;61;;;SAN PEDRO DE JUJUY;SUSTRACCION DE BIENES RODADOS;Via Publica
2;9;ROBO;26/6/2018;07:00;MASCULINO;74;;;;SUSTRACCION DE BIENES RODADOS;Sin Determinar
2;8;ROBO;9/7/2018;15:10;MASCULINO;19;;;;SUSTRACCION DE BIENES RODADOS;Via Publica
2;26;HURTO;10/7/2018;00:00;MASCULINO;31;;;;SUSTRACCION DE BIENES RODADOS;Via Publica
2;3;HURTO;11/7/2018;07:00;MASCULINO;43;;;SAN PEDRO DE JUJUY;SUSTRACCION DE BIENES RODADOS;Via Publica
2;32;HURTO;14/7/2018;01:40;MASCULINO;20;;;SAN PEDRO DE JUJUY;SUSTRACCION DE BIENES RODADOS;Via Publica
2;14;ROBOS;14/7/2018;05:40;MASCULINO;45;;;SAN PEDRO DE JUJUY;AGRESION CON ARMA BLANCA;Via Publica
2;37;ROBO;23/7/2018;04:00;MASCULINO;33;;;SAN PEDRO DE JUJUY;AGRESION FISICA;Via Publica
2;10;hurto;20/7/2018;20:30;MASCULINO;21;;;SAN PEDRO DE JUJUY;Sustracción Bienes Rodados;Via Publica
2;14;HURTO;15/8/2018;01:00;MASCULINO;37;;;SAN PEDRO DE JUJUY;Sustracción Bienes Rodados;Via Publica
2;37;HURTO;15/8/2018;19:30;MASCULINO;23;;;SAN PEDRO DE JUJUY;Sustracción Bienes Rodados;Domicilio Particular
2;62;DELITO INFORMATICO;20/8/2018;09:40;MASCULINO;71;;;SAN PEDRO DE JUJUY;Agresión Física;Via Publica
2;49;HURTO;20/8/2018;13:00;MASCULINO;41;;;SAN PEDRO DE JUJUY;Sustracción Bienes Rodados;Via Publica
2;43;HURTO;26/8/2018;07:00;MASCULINO;34;;;SAN PEDRO DE JUJUY;Sustracción Bienes Rodados;Via Publica
2;31;HURTO;26/8/2018;06:00;MASCULINO;60;;;SAN PEDRO DE JUJUY;Sustracción Bienes Rodados;Via Publica
2;64;HURTO;26/7/2018;21:00;FEMENINO;25;;;;SUSTRACCION DE BIENES RODADOS;Via Publica
2;14;HURTO;30/7/2018;03:00;MASCULINO;62;;;SAN PEDRO DE JUJUY;SUSTRACCION DE BIENES RODADOS;Via Publica
2;37;ABANDONO DE PERSONA;8/8/2018;13:05;;;;;LA ESPERANZA;Sustracción Bienes Rodados;Via Publica
2;23;INTENTO DE SUICIDIO;29/8/2018;03:20;FEMENINO;43;;;RODEITO;AGRESION CON SUSTANCIAS;Domicilio Particular
2;56;hurto;29/8/2018;12:30;FEMENINO;;;;SAN PEDRO DE JUJUY;Sustracción Bienes Rodados;Via Publica
3;37;ROBO;20/7/2018;19:00;MASCULINO;64;MASCULINO;24;HUMAHUACA;AGRESION FISICA;Via Publica
3;49;HURTO;9/7/2018;10:03;FEMENINO;27;FEMENINO;;TILCARA;AGRESION FISICA;Domicilio Particular
3;24;ROBO;12/8/2018;04:00;MASCULINO;17;MASCULINO;;HUMAHUACA;Agresión Física;Via Publica
3;2;ROBO;24/8/2018;01:00;MASCULINO;43;MASCULINO;;TILCARA;Agresión Física;Via Publica
3;43;ROBO;9/7/2018;10:15;MASCULINO;35;;;;AGRESION FISICA;Via Publica
3;46;ROBO;14/7/2018;16:30;MASCULINO;19;;;TILCARA;SUSTRACCION DE BIENES RODADOS;Via Publica
3;9;ROBO;14/7/2018;15:00;MASCULINO;39;;;TILCARA;SUSTRACCION DE BIENES RODADOS;Via Publica
3;61;ROBO;15/7/2018;18:30;MASCULINO;19;;;LIBERTADOR GRAL. SAN MARTIN;SUSTRACCION DE BIENES RODADOS;Via Publica
4;10;ROBO;27/7/2018;21:00;MASCULINO;43;MASCULINO;;LIBERTADOR GRAL. SAN MARTIN;SUSTRACCION DE BIENES RODADOS;Domicilio Particular
4;39;ROBO;17/8/2018;00:30;MASCULINO;31;MASCULINO;;LIBERTADOR GRAL. SAN MARTIN;Sustracción Bienes Rodados;Via Publica
4;43;ROBO;10/7/2018;00:15;FEMENINO;23;;;LIBERTADOR GRAL. SAN MARTIN;SUSTRACCION DE BIENES RODADOS;Via Publica
4;57;HURTO;13/7/2018;01:00;FEMENINO;18;;;CALILEGUA;SUSTRACCION DE BIENES RODADOS;Via Publica
4;37;HURTO;9/8/2018;15:00;FEMENINO;30;;;YUTO;Sustracción Bienes Rodados;Via Publica
4;59;HURTO;11/8/2018;00:00;FEMENINO;37;;;;Sustracción Bienes Rodados;Via Publica
4;3;ROBO;11/8/2018;18:45;FEMENINO;45;;;LIBERTADOR GRAL. SAN MARTIN;AGRESION CON ARMA BLANCA;Via Publica
4;20;HURTO;18/8/2018;20:30;FEMENINO;50;;;LIBERTADOR GRAL. SAN MARTIN;Sustracción Bienes Rodados;Via Publica
4;13;ROBO;24/8/2018;21:15;FEMENINO;41;;;LIBERTADOR GRAL. SAN MARTIN;Sustracción Bienes Rodados;Via Publica
4;58;ROBO;28/6/2018;22:00;MASCULINO;41;;;LIBERTADOR GRAL. SAN MARTIN;SUSTRACCION DE BIENES RODADOS;Via Publica
4;38;hurto;21/7/2018;07:00;MASCULINO;21;;;;SUSTRACCION DE BIENES RODADOS;Via Publica
4;9;ROBO;21/7/2018;00:00;MASCULINO;21;;;LEDESMA;SUSTRACCION DE BIENES RODADOS;Domicilio Particular
4;35;ROBO;21/7/2018;00:00;MASCULINO;58;;;LEDESMA;SUSTRACCION DE BIENES RODADOS;Via Publica
4;17;HURTO;22/7/2018;22:30;MASCULINO;24;;;CALILEGUA;SUSTRACCION DE BIENES RODADOS;Via Publica
4;54;ROBO;23/7/2018;16:30;MASCULINO;23;;;;AGRESION CON ARMA BLANCA;Via Publica
4;10;ROBO;31/7/2018;14:00;MASCULINO;48;;;LIBERTADOR GRAL. SAN MARTIN;Sustracción Bienes Rodados;Via Publica
4;4;HURTO;10/8/2018;23:00;MASCULINO;49;;;LIBERTADOR GRAL. SAN MARTIN;Sustracción Bienes Rodados;Via Publica
4;30;ROBO;11/8/2018;18:30;MASCULINO;22;;;;AGRESION CON ARMA BLANCA;Via Publica
4;48;ROBO;11/8/2018;21:30;MASCULINO;49;;;LIBERTADOR GRAL. SAN MARTIN;Agresión con Arma Blanca;Via Publica
4;27;HURTO;17/8/2018;01:00;MASCULINO;40;;;LIBERTADOR GRAL. SAN MARTIN;Sustracción Bienes Rodados;Via Publica
4;57;ROBO;21/8/2018;23:10;MASCULINO;28;;;;Sustracción Bienes Rodados;Via Publica
4;42;HURTO;30/7/2018;20:30;FEMENINO;52;;;LIBERTADOR GRAL. SAN MARTIN;AGRESION CON SUSTANCIA;Domicilio Particular
5;46;ROBO;21/7/2018;01:30;MASCULINO;31;MASCULINO;;LA QUIACA;AGRESION FISICA;Via Publica
5;43;HURTO;12/7/2018;17:00;FEMENINO;31;;;LA QUIACA;SUSTRACCION DE BIENES RODADOS;Via Publica
5;33;ROBO;15/8/2018;14:00;MASCULINO;30;;;;AGRESION CON ARMA BLANCA;Via Publica
5;64;ROBO;23/8/2018;22:30;MASCULINO;40;;;LA QUIACA;Agresión con Arma Blanca;Via Publica
6;42;ROBO;13/8/2018;20:00;FEMENINO;;MASCULINO;39;;Agresión Física;Domicilio Particular
6;34;ROBO;26/7/2018;19:15;FEMENINO;37;MASCULINO;;PERICO;AGRESION FISICA;Via Publica
6;54;ROBO;24/8/2018;08:30;MASCULINO;64;FEMENINO;;;AGRESION CON SUSTANCIAS;Via Publica
6;54;ROBO;26/7/2018;19:15;FEMENINO;37;MASCULINO;;PERICO;AGRESION FISICA;Via Publica
6;60;ROBO;2/8/2018;01:30;MASCULINO;;MASCULINO;;PERICO;Agresión Física;Via Publica
6;33;ROBO;16/8/2018;18:20;FEMENINO;47;MASCULINO;;PERICO;Agresión Física;Via Publica
6;13;ROBO;5/7/2018;16:10;MASCULINO;13;MASCULINO;;MONTERRICO;AGRESION FISICA;Via Publica
6;32;ROBO;15/7/2018;04:00;MASCULINO;48;MASCULINO;;;AGRESION FISICA;Via Publica
6;23;HURTO;29/6/2018;20:30;FEMENINO;43;;;PERICO;SUSTRACCION DE BIENES RODADOS;Via Publica
6;28;HURTO;30/6/2018;15:30;FEMENINO;45;;;PERICO;SUSTRACCION DE BIENES RODADOS;Domicilio Particular
6;28;HURTO;30/6/2018;21:00;FEMENINO;35;;;PERICO;SUSTRACCION DE BIENES RODADOS;Via Publica
6;53;DAÑO;4/7/2018;14:30;FEMENINO;35;;;EL CARMEN;Agresión Física;Via Publica
6;37;HURTO;8/7/2018;23:00;FEMENINO;47;;;PERICO;SUSTRACCION DE BIENES RODADOS;Via Publica
6;21;ROBOS;11/7/2018;03:30;FEMENINO;65;;;PERICO;AGRESION FISICA;Domicilio Particular
6;38;HURTO;10/7/2018;17:00;FEMENINO;44;;;EL CARMEN;SUSTRACCION DE BIENES RODADOS;Via Publica
6;13;HURTO;10/7/2018;21:20;FEMENINO;26;;;PERICO;SUSTRACCION DE BIENES RODADOS;Via Publica
6;49;HURTO;21/7/2018;22:00;FEMENINO;51;;;PERICO;SUSTRACCION DE BIENES RODADOS;Via Publica
6;63;ROBO;19/6/2018;09:30;FEMENINO;24;;;;AGRESION FISICA;Via Publica
6;62;ROBO;30/6/2018;22:00;MASCULINO;18;;;;AGRESION FISICA;Via Publica
6;5;HURTO;7/7/2018;17:30;MASCULINO;20;;;;SUSTRACCION DE BIENES RODADOS;Via Publica
6;14;ROBOS;9/7/2018;00:00;MASCULINO;47;;;PERICO;SUSTRACCION DE BIENES RODADOS;Via Publica
6;59;HURTO;8/7/2018;21:40;MASCULINO;20;;;PERICO;SUSTRACCION DE BIENES RODADOS;Via Publica
6;17;ROBO;11/7/2018;00:40;MASCULINO;29;;;PERICO;AGRESION FISICA;Via Publica
6;64;HURTO;9/7/2018;00:00;MASCULINO;36;;;;SUSTRACCION DE BIENES RODADOS;Via Publica
6;19;hurto;14/7/2018;04:30;MASCULINO;75;;;MONTERRICO;SUSTRACCION DE BIENES RODADOS;Via Publica
6;50;ROBO;15/7/2018;22:00;MASCULINO;33;;;PUESTO VIEJO;AGRESION CON ARMA DE FUEGO;Via Publica
6;1;HURTO;16/7/2018;09:30;MASCULINO;41;;;MONTERRICO;SUSTRACCION DE BIENES RODADOS;Via Publica
6;9;ROBO;19/7/2018;14:00;MASCULINO;19;;;PERICO;AGRESION CON ARMA DE FUEGO;Via Publica
6;23;HURTO;19/6/2018;15:00;MASCULINO;29;;;PERICO;SUSTRACCION DE BIENES RODADOS;Via Publica
6;59;HURTO;19/8/2018;11:15;MASCULINO;37;;;PERICO;Sustracción Bienes Rodados;Via Publica
6;52;ABANDONO DE PERSONA;29/8/2018;00:00;MASCULINO;16;;;;Agresión Física;Domicilio Particular
6;8;ROBO;12/7/2018;18:00;FEMENINO;46;;;PERICO;AGRESION CON ARMA BLANCA;Domicilio Particular
6;19;HURTO;29/7/2018;18:00;MASCULINO;65;;;;SUSTRACCION DE BIENES RODADOS;Via Publica
6;11;HURTO;30/7/2018;00:00;MASCULINO;18;;;;SUSTRACCION DE BIENES RODADOS;Via Publica
6;5;HURTO;30/7/2018;00:30;MASCULINO;29;;;;SUSTRACCION DE BIENES RODADOS;Via Publica
7;5;HURTO;11/8/2018;00:00;MASCULINO;68;MASCULINO;44;SAN SALVADOR DE JUJUY ;Sustracción Bienes Rodados;Domicilio Particular
7;39;HURTO;29/7/2018;20:00;FEMENINO;38;MASCULINO;;SAN SALVADOR DE JUJUY ;AGRESION FISICA;Domicilio Particular
7;8;COMPLEMENTARIAS;22/6/2018;14:00;FEMENINO;41;MASCULINO;;SAN SALVADOR DE JUJUY ;Sustracción Bienes Rodados;Via Publica
7;45;ROBO;6/8/2018;22:50;MASCULINO;;MASCULINO;;ALTO COMEDERO;Agresión Física;Via Publica
7;35;ROBO;6/8/2018;22:00;MASCULINO;33;MASCULINO;;;Agresión Física;Via Publica
7;44;ROBO;18/8/2018;23:45;FEMENINO;22;MASCULINO;;SAN SALVADOR DE JUJUY ;Agresión Física;Via Publica
7;59;ROBO;12/8/2018;21:30;MASCULINO;31;MASCULINO;;;AGRESION CON ARMA BLANCA;Via Publica
7;43;ROBO;21/7/2018;06:45;MASCULINO;35;MASCULINO;;SAN SALVADOR DE JUJUY ;AGRESION FISICA;Via Publica
7;29;ROBOS;27/6/2018;22:00;FEMENINO;55;;;ALTO COMEDERO;SUSTRACCION DE BIENES RODADOS;Via Publica
7;6;ROBOS;23/7/2018;12:30;FEMENINO;23;;;ALTO COMEDERO;AGRESION FISICA;Domicilio Particular
7;30;HURTO;1/7/2018;09:00;MASCULINO;35;;;SAN SALVADOR DE JUJUY ;SUSTRACCION DE BIENES RODADOS;Via Publica
7;7;HURTO;29/6/2018;23:15;MASCULINO;32;;;SAN SALVADOR DE JUJUY ;SUSTRACCION DE BIENES RODADOS;Via Publica
7;60;HURTO;15/7/2018;00:00;MASCULINO;39;;;SAN SALVADOR DE JUJUY ;SUSTRACCION DE BIENES RODADOS;Domicilio Particular
7;44;ROBO;14/7/2018;03:00;MASCULINO;33;;;SAN SALVADOR DE JUJUY;SUSTRACCION DE BIENES RODADOS;Domicilio Particular
7;38;ROBO;11/8/2018;20:00;MASCULINO;34;;;;Sustracción Bienes Rodados;Feria
7;15;HURTO;13/8/2018;23:00;MASCULINO;18;;;;Sustracción Bienes Rodados;Via Publica
7;5;ABUSO DE AUTORIDAD;13/8/2018;00:00;MASCULINO;59;;;;Agresión Física;Via Publica
7;45;hurto;20/8/2018;01:00;MASCULINO;21;;;SAN SALVADOR DE JUJUY ;Sustracción Bienes Rodados;Via Publica
7;3;ROBO;14/7/2018;01:00;MASCULINO;22;;;SAN SALVADOR DE JUJUY ;SUSTRACCION DE BIENES RODADOS;Via Publica
7;14;HURTO;24/6/2018;00:00;MASCULINO;28;;;;SUSTRACCION DE BIENES RODADOS;Via Publica
7;31;ROBO;28/7/2018;13:50;MASCULINO;18;;;SAN SALVADOR DE JUJUY ;SUSTRACCION DE BIENES RODADOS;Via Publica
7;18;DELITO INFORMATICO;6/7/2018;15:00;MASCULINO;33;;;;Agresión Física;Via Publica
7;14;COMPLEMETARIAS;11/8/2018;23:15;MASCULINO;60;;;SAN SALVADOR DE JUJUY ;Sustracción Bienes Rodados;Via Publica
8;6;ROBO;25/7/2018;20:30;MASCULINO;85;FEMENINO;;PALPALA;AGRESION CON SUSTANCIA;Domicilio Particular
8;46;ROBO;23/7/2018;17:30;MASCULINO;48;MASCULINO;;PALPALA;AGRESION CON ARMA BLANCA;Via Publica
8;63;ROBO;4/7/2018;21:00;MASCULINO;26;MASCULINO;;PALPALA;SUSTRACCION DE BIENES RODADOS;Via Publica
8;37;ROBO;24/8/2018;08:00;FEMENINO;35;MASCULINO;;PALPALA;Agresión con Arma de Fuego;Via Publica
8;25;ROBO;21/7/2018;23:45;MASCULINO;43;MASCULINO;;PALPALA;SUSTRACCION DE BIENES RODADOS;Via Publica
8;49;HURTO;2/7/2018;17:30;FEMENINO;34;;;PALPALA;SUSTRACCION DE BIENES RODADOS;Via Publica
8;62;HURTO;7/8/2018;19:30;FEMENINO;37;;;PALPALA;Sustracción Bienes Rodados;Via Publica
8;45;HURTO;2/7/2018;00:00;FEMENINO;48;;;;Sustracción Bienes Rodados;Via Publica
8;20;HURTO;3/7/2018;18:00;MASCULINO;40;;;PALPALA;SUSTRACCION DE BIENES RODADOS;Via Publica
8;7;HURTO;19/7/2018;08:30;MASCULINO;31;;;;SUSTRACCION DE BIENES RODADOS;Institución Pública
8;37;HURTO;22/7/2018;01:30;MASCULINO;36;;;PALPALA;SUSTRACCION DE BIENES RODADOS;Via Publica
8;11;HURTO;27/7/2018;19:40;MASCULINO;38;;;PALPALA;SUSTRACCION DE BIENES RODADOS;Via Publica
8;10;ROBO;1/8/2018;06:00;MASCULINO;33;;;SAN SALVADOR DE JUJUY ;AGRESION CON SUSTANCIAS;Via Publica
8;46;hurto;3/8/2018;18:30;MASCULINO;65;;;;Sustracción Bienes Rodados;Via Publica
8;40;HURTO;20/8/2018;00:00;MASCULINO;30;;;PALPALA;Sustracción Bienes Rodados;Domicilio Particular
8;24;COMPLEMENTARIAS;26/7/2018;23:20;MASCULINO;22;;;SAN SALVADOR DE JUJUY ;Sustracción Bienes Rodados;Via Publica
8;26;ROBO;8/8/2018;23:40;MASCULINO;16;;;;AGRESION CON ARMA BLANCA;Via Publica
;14;ABANDONO DE PERSONA;16/8/2018;06:00;FEMENINO;43;MASCULINO;34;;Agresión Física;Domicilio Particular
;20;HURTO;5/8/2018;14:00;MASCULINO;60;;;EL CARMEN;Sustracción Bienes Rodados;Via Publica
;54;HURTO;6/8/2018;00:00;MASCULINO;52;;;;Sustracción Bienes Rodados;Via Publica
